{"cameraMode":{"drawMode":0,"name":"Shaded","section":"Shading Mode"},"sceneLighting":true,"audioPlay":false,"sceneViewState":{"showFog":true,"showMaterialUpdate":false,"showSkybox":true,"showFlares":true,"showImageEffects":true,"showParticleSystems":true},"in2DMode":false,"pivot":{"x":7.496150016784668,"y":0.34497684240341189,"z":-1.3405838012695313},"rotation":{"x":0.010589062236249447,"y":0.7221291065216065,"z":-0.011056311428546906,"w":0.6915908455848694},"size":12.50275993347168,"orthographic":false}